compound,smiles,category,pair_id,role,herg_1um_block,herg_10um_block,ic50_um,source,in_tan70_cliff_set,in_tan60_cliff_set,tan70_drop_reason,tan60_drop_reason
Mexiletine,CC(N)COc1c(C)cccc1C,Antiarrhythmic,AA1,safer,0,0,105.0,Kramer2013,True,True,,
Ranolazine,COc1ccccc1OCC(O)CN1CCN(CC(=O)Nc2c(C)cccc2C)CC1,Antiarrhythmic,AA1,safer,0,1,12.0,Rajamani2008,False,True,out-of-train fold (val),
Flecainide,OC(=O)c1cc(CNC2CCCNC2)ccc1OCC(F)(F)F,Antiarrhythmic,AA2,blocker,0,1,3.5,Paul2002,True,True,,
Lidocaine,CCN(CC)CC(=O)Nc1c(C)cccc1C,Antiarrhythmic,AA2,safer,0,0,1000.0,Kramer2013,True,True,,
Sotalol,CC(NCC(O)c1ccc(NS(C)(=O)=O)cc1)C,Antiarrhythmic,AA3,blocker,0,1,300.0,Numaguchi2000,True,True,,
Dofetilide,CS(=O)(=O)NC1=CC=C(C=C1)OCCCN(C)CCC2=CC=C(C=C2)NS(=O)(=O)C,Antiarrhythmic,AA3,blocker,1,1,0.007,Kramer2013,True,True,,
Ibutilide,CCCCCCCN(CC)CCCC(O)c1ccc(NS(C)(=O)=O)cc1,Antiarrhythmic,AA4,blocker,1,1,0.02,Yang1995,True,True,,
Terfenadine,CC(C)(C)c1ccc(C(O)CCCN2CCC(C(O)(c3ccccc3)c3ccccc3)CC2)cc1,Antihistamine,AH1,blocker,1,1,0.056,Bowes2012,False,False,out-of-train fold (val),Tanimoto = 1.0 to val (Terf/Fex)
Fexofenadine,CC(C)(C(=O)O)c1ccc(C(O)CCCN2CCC(C(O)(c3ccccc3)c3ccccc3)CC2)cc1,Antihistamine,AH1,safer,0,0,25.0,Scherer2002,False,False,out-of-train fold (val),Tanimoto = 1.0 to val (Terf/Fex)
Astemizole,COc1ccc(CCN2CCC(Nc3nc4ccccc4n3Cc3ccc(F)cc3)CC2)cc1,Antihistamine,AH2,blocker,1,1,0.003,Bowes2012,True,True,,
Desloratadine,ClC1=CC2=C(C=C1)C(=C1CCNCC1)c1cccnc1CC2,Antihistamine,AH2,safer,0,0,24.0,Kongsamut2002,True,True,,
Loratadine,CCOC(=O)N1CCC(=C2c3ccc(Cl)cc3CCc3cccnc32)CC1,Antihistamine,AH3,safer,0,0,30.0,Taglialatela1998,True,True,,
Cetirizine,OC(=O)COCCN1CCN(C(c2ccccc2)c2ccc(Cl)cc2)CC1,Antihistamine,AH3,safer,0,0,100.0,Taglialatela2000,True,True,,
Ziprasidone,Clc1ccc2cc(CCN3CCN(c4nsc5ccccc45)CC3)c(=O)[nH]c2c1,Atypical antipsychotic,AP1,blocker,1,1,0.17,Kongsamut2002,True,True,,
Aripiprazole,Clc1ccc(N2CCN(CCCCOc3cccc4NC(=O)CCc34)CC2)c(Cl)c1,Atypical antipsychotic,AP1,safer,0,0,29.0,Kongsamut2002,True,True,,
Olanzapine,Cc1cc2c(s1)Nc1ccccc1N=C2N1CCN(C)CC1,Atypical antipsychotic,AP2,safer,0,0,6.0,Kongsamut2002,True,True,,
Risperidone,CC1=C(CCN2CCC(c3noc4cc(F)ccc34)CC2)C(=O)N2CCCCC2=N1,Atypical antipsychotic,AP3,blocker,1,1,0.15,Kongsamut2002,True,True,,
Paliperidone,Cc1c(CCN2CCC(c3noc4cc(F)ccc34)CC2)c(=O)n2CCCC(O)c2n1,Atypical antipsychotic,AP3,safer,0,0,3.0,ChavesGonzalez2013,True,True,,
Sertindole,Fc1ccc(C2=CC3=C(N2c2ccc(F)cc2)C=CC=C3N2CCN(CCO)CC2)cc1Cl,Atypical antipsychotic,AP4,blocker,1,1,0.014,Rampe1998,True,True,,
Quetiapine,OCCOCCN1CCN(C2=Nc3ccccc3Sc3ccccc32)CC1,Atypical antipsychotic,AP4,safer,0,1,5.5,Kongsamut2002,True,True,,
Amiodarone,CCCCc1oc2ccccc2c1C(=O)c1cc(I)c(OCCN(CC)CC)c(I)c1,Benzofuran,BF1,safer,0,1,9.8,Kiesecker2004,True,True,,
Atenolol,CC(C)NCC(O)COc1ccc(CC(N)=O)cc1,Beta-blocker,BB1,safer,0,0,10000.0,Bowes2012,True,True,,
Metoprolol,COCCc1ccc(OCC(O)CNC(C)C)cc1,Beta-blocker,BB1,safer,0,0,600.0,Bowes2012,True,True,,
Propranolol,CC(C)NCC(O)COc1cccc2ccccc12,Beta-blocker,BB2,safer,0,0,5000.0,Bowes2012,True,True,,
Haloperidol,O=C(CCCN1CCC(O)(c2ccc(Cl)cc2)CC1)c1ccc(F)cc1,Butyrophenone,BP1,blocker,1,1,0.027,Suessbrich1997,True,True,,
Droperidol,Fc1ccc(C(=O)CCCN2CCC(N3CCNC3=O)=CC2)cc1,Butyrophenone,BP1,blocker,1,1,0.032,Drolet1999,True,True,,
Pimozide,Fc1ccc(C(CCCN2CCC(N3C(=O)Nc4ccccc43)CC2)c2ccc(F)cc2)cc1,Butyrophenone,BP2,blocker,1,1,0.02,Kang2000,True,True,,
Verapamil,COc1ccc(CCN(C)CCCC(C#N)(C(C)C)c2ccc(OC)c(OC)c2)cc1OC,Calcium-channel blocker,CCB1,safer,0,0,0.14,Kramer2013,True,True,,
Diltiazem,COc1ccc(C2SC3=CC=CC=C3N(CCN(C)C)C(=O)C2OC(C)=O)cc1,Calcium-channel blocker,CCB1,safer,0,0,18.0,Kramer2013,True,True,,
Nifedipine,COC(=O)C1=C(C)NC(C)=C(C(=O)OC)C1c1ccccc1[N+](=O)[O-],Calcium-channel blocker,CCB2,safer,0,0,275.0,Zhang1999,True,True,,
Amlodipine,CCOC(=O)C1=C(COCCN)NC(C)=C(C(=O)OC)C1c1ccccc1Cl,Calcium-channel blocker,CCB2,safer,0,0,180.0,Zhang1999,True,True,,
Sparfloxacin,CC1CN(c2c(F)c(N)c3c(=O)c(C(=O)O)cn(C4CC4)c3c2F)C(C)CN1,Fluoroquinolone,FQ1,blocker,1,1,18.0,Kang2001,True,True,,
Ciprofloxacin,OC(=O)c1cn(C2CC2)c2cc(N3CCNCC3)c(F)cc2c1=O,Fluoroquinolone,FQ1,safer,0,0,966.0,Kang2001,True,True,,
Moxifloxacin,COc1c(N2CC3CCCNC3C2)c(F)cc2c1n(C1CC1)cc(C(=O)O)c2=O,Fluoroquinolone,FQ2,blocker,0,1,129.0,Kang2001,True,True,,
Levofloxacin,CC1COc2c(N3CCN(C)CC3)c(F)cc3c(=O)c(C(=O)O)cn1c23,Fluoroquinolone,FQ2,safer,0,0,915.0,Kang2001,True,True,,
Grepafloxacin,CC1CNCCN1c1cc2n(C3CC3)cc(C(=O)O)c(=O)c2c(C)c1F,Fluoroquinolone,FQ3,blocker,1,1,50.0,Kang2001,True,True,,
Norfloxacin,CCN1C=C(C(=O)O)C(=O)C2=CC(N3CCNCC3)=C(F)C=C12,Fluoroquinolone,FQ3,safer,0,0,1420.0,Kang2001,True,True,,
Cisapride,COc1cc(C(=O)NC2CCN(CCCOc3ccc(F)cc3)CC2OC)cc(N)c1Cl,Gastroprokinetic (5-HT4),GP1,blocker,1,1,0.044,Rampe1997,True,True,,
Mosapride,CCN1CCN(Cc2coc(c2)C(=O)Nc2cc(Cl)ccc2N)CC1,Gastroprokinetic (5-HT4),GP1,safer,0,0,20.0,Carlsson2005,True,True,,
Prucalopride,COc1cc(C(=O)NC2CCN(CCCOCC)CC2)cc(N)c1Cl,Gastroprokinetic (5-HT4),GP2,safer,0,0,35.0,Mendzelevski2012,True,True,,
Methadone,CCC(=O)C(C)(c1ccccc1)C(C)CN(C)C,Opioid,OP1,blocker,1,1,10.0,Katchman2002,True,True,,
Buprenorphine,CC(C)(C)[C@](C)(O)[C@H]1CC[C@@]2(OC)[C@@H]3Cc4ccc(O)c5c4[C@@]2(CCN3CC2CC2)[C@H]1O5,Opioid,OP1,safer,0,0,100.0,Katchman2006,True,True,,
Morphine,CN1CC[C@]23c4c5ccc(O)c4O[C@H]2[C@@H](O)C=C[C@H]3[C@H]1C5,Opioid,OP2,safer,0,0,300.0,Katchman2002,True,True,,
Oxycodone,CN1CC[C@]23c4c5ccc(OC)c4O[C@H]2[C@@](O)(CC[C@H]3[C@H]1C5)C(=O)CC,Opioid,OP2,safer,0,0,300.0,Katchman2002,True,True,,
Fentanyl,CCC(=O)N(c1ccccc1)C1CCN(CCc2ccccc2)CC1,Opioid,OP3,safer,0,0,10.0,Katchman2002,True,True,,
Thioridazine,CN1CCCCC1CCN1c2ccccc2Sc2ccc(SC)cc21,Phenothiazine,PH1,blocker,1,1,0.11,Bowes2012,True,True,,
Prochlorperazine,CN1CCN(CCCN2c3ccccc3Sc3ccc(Cl)cc32)CC1,Phenothiazine,PH1,safer,0,1,1.2,Guo2005,True,True,,
Chlorpromazine,CN(C)CCCN1c2ccccc2Sc2ccc(Cl)cc21,Phenothiazine,PH2,blocker,1,1,1.5,Rampe1997,True,True,,
Trifluoperazine,CN1CCN(CCCN2c3ccccc3Sc3ccc(C(F)(F)F)cc32)CC1,Phenothiazine,PH2,safer,0,1,1.4,Bowes2012,True,True,,
Imipramine,CN(C)CCCN1c2ccccc2CCc2ccccc21,Tricyclic antidepressant,TC1,blocker,0,1,3.4,Teschemacher1999,True,True,,
Desipramine,CNCCCN1c2ccccc2CCc2ccccc21,Tricyclic antidepressant,TC1,blocker,0,1,2.0,Bowes2012,False,True,out-of-train fold (val),
Amitriptyline,CN(C)CCC=C1c2ccccc2CCc2ccccc21,Tricyclic antidepressant,TC2,blocker,0,1,5.2,Bowes2012,False,True,out-of-train fold (val),
Doxepin,CN(C)CCC=C1c2ccccc2COc2ccccc21,Tricyclic antidepressant,TC2,safer,0,0,44.0,Bowes2012,True,True,,
